corruption,size_bin,class_name,mean_AP50_95_over_severity,clean_AP50_95,absolute_drop,rPC_corruption,severity_conditions
gaussian_noise,ALL,all_macro,0.08525178720271755,0.6069524313063762,0.5217006441036587,0.1404587621788178,5
gaussian_noise,ALL,hat,0.13627285253233837,0.7125204886571556,0.5762476361248172,0.1912546441845674,5
gaussian_noise,ALL,person,0.034230721873096705,0.5013843739555969,0.46715365208250015,0.06827241464076464,5
gaussian_noise,ES,all_macro,0.02123830494204643,0.3141471092881632,0.29290880434611677,0.06760624024257629,5
gaussian_noise,ES,hat,0.01749738179321334,0.22565674694100948,0.20815936514779615,0.07753981226090907,5
gaussian_noise,ES,person,0.024979228090879515,0.40263747163531693,0.37765824354443744,0.062039004937682725,5
gaussian_noise,S,all_macro,0.08131871763889162,0.5541587548627844,0.4728400372238928,0.14674263814351718,5
gaussian_noise,S,hat,0.11018559934417545,0.5744331893389237,0.4642475899947483,0.19181621359827866,5
gaussian_noise,S,person,0.052451835933607804,0.5338843203866451,0.4814324844530373,0.09824569467711954,5
gaussian_noise,M,all_macro,0.16372148629821678,0.6939112923987594,0.5301898061005426,0.2359400806582255,5
gaussian_noise,L,all_macro,0.19874933183748958,0.8156218251468484,0.6168724933093589,0.2436782902440182,5
shot_noise,ALL,all_macro,0.09699272762162019,0.6069524313063762,0.5099597036847561,0.15980284882104773,5
shot_noise,ALL,hat,0.1307834391302719,0.7125204886571556,0.5817370495268837,0.18355042586459736,5
shot_noise,ALL,person,0.06320201611296845,0.5013843739555969,0.43818235784262843,0.1260550176590978,5
shot_noise,ES,all_macro,0.029571176271125422,0.3141471092881632,0.28457593301703776,0.09413161985838983,5
shot_noise,ES,hat,0.017120940118652738,0.22565674694100948,0.20853580682235676,0.07587160743360553,5
shot_noise,ES,person,0.042021412423598116,0.40263747163531693,0.3606160592117188,0.10436537924035645,5
shot_noise,S,all_macro,0.09452046860913885,0.5541587548627844,0.45963828625364556,0.17056568678147677,5
shot_noise,S,hat,0.10877344389648921,0.5744331893389237,0.4656597454424345,0.1893578677472818,5
shot_noise,S,person,0.08026749332178847,0.5338843203866451,0.4536168270648567,0.15034622718205665,5
shot_noise,M,all_macro,0.16939512884738522,0.6939112923987594,0.5245161635513742,0.24411640321028458,5
shot_noise,L,all_macro,0.20044433229268127,0.8156218251468484,0.6151774928541671,0.24575645981100655,5
impulse_noise,ALL,all_macro,0.06485137972993751,0.6069524313063762,0.5421010515764387,0.10684754914047287,5
impulse_noise,ALL,hat,0.11175494475935652,0.7125204886571556,0.600765543897799,0.15684453505326468,5
impulse_noise,ALL,person,0.01794781470051854,0.5013843739555969,0.48343655925507834,0.03579651786696491,5
impulse_noise,ES,all_macro,0.011358457121161758,0.3141471092881632,0.30278865216700146,0.036156490972968934,5
impulse_noise,ES,hat,0.009284776446918037,0.22565674694100948,0.21637197049409146,0.041145574297165755,5
impulse_noise,ES,person,0.013432137795405478,0.40263747163531693,0.38920533383991146,0.03336037686917387,5
impulse_noise,S,all_macro,0.06644377556191422,0.5541587548627844,0.4877149793008702,0.1199002541760193,5
impulse_noise,S,hat,0.09676379388487005,0.5744331893389237,0.4776693954540537,0.16845091070769944,5
impulse_noise,S,person,0.03612375723895838,0.5338843203866451,0.49776056314768674,0.06766214301404683,5
impulse_noise,M,all_macro,0.14805017964125286,0.6939112923987594,0.5458611127575065,0.21335606044032374,5
impulse_noise,L,all_macro,0.1860714005446719,0.8156218251468484,0.6295504246021766,0.2281344059315366,5
defocus_blur,ALL,all_macro,0.28919222276186807,0.6069524313063762,0.31776020854450815,0.47646604222249206,5
defocus_blur,ALL,hat,0.42809660636444136,0.7125204886571556,0.2844238822927142,0.6008200650780573,5
defocus_blur,ALL,person,0.15028783915929472,0.5013843739555969,0.35109653479630215,0.29974575787757674,5
defocus_blur,ES,all_macro,0.05266228299168766,0.3141471092881632,0.2614848262964755,0.16763573954577188,5
defocus_blur,ES,hat,0.01749990834922722,0.22565674694100948,0.20815683859178227,0.07755100871768747,5
defocus_blur,ES,person,0.0878246576341481,0.40263747163531693,0.31481281400116884,0.21812340832920293,5
defocus_blur,S,all_macro,0.1676975615107115,0.5541587548627844,0.38646119335207296,0.30261646150882376,5
defocus_blur,S,hat,0.20456864619473936,0.5744331893389237,0.3698645431441844,0.3561226091935314,5
defocus_blur,S,person,0.13082647682668364,0.5338843203866451,0.4030578435599615,0.24504648634733758,5
defocus_blur,M,all_macro,0.3638676873278969,0.6939112923987594,0.33004360507086244,0.5243720505974973,5
defocus_blur,L,all_macro,0.5961566830608847,0.8156218251468484,0.2194651420859638,0.7309229163326395,5
glass_blur,ALL,all_macro,0.2869034766381272,0.6069524313063762,0.320048954668249,0.47269516001543893,5
glass_blur,ALL,hat,0.4202737969198999,0.7125204886571556,0.29224669173725565,0.5898409991156389,5
glass_blur,ALL,person,0.15353315635635445,0.5013843739555969,0.3478512175992424,0.3062184709608671,5
glass_blur,ES,all_macro,0.050204697944701546,0.3141471092881632,0.26394241134346164,0.15981270067536865,5
glass_blur,ES,hat,0.012016701405057117,0.22565674694100948,0.21364004553595237,0.05325212548685056,5
glass_blur,ES,person,0.088392694484346,0.40263747163531693,0.31424477715097093,0.21953419815929703,5
glass_blur,S,all_macro,0.16806186632966524,0.5541587548627844,0.3860968885331192,0.30327386304900866,5
glass_blur,S,hat,0.20106556292816843,0.5744331893389237,0.37336762641075527,0.35002427899328237,5
glass_blur,S,person,0.13505816973116208,0.5338843203866451,0.39882615065548305,0.25297272194349407,5
glass_blur,M,all_macro,0.37441800909225736,0.6939112923987594,0.319493283306502,0.5395761867456342,5
glass_blur,L,all_macro,0.5880825370827075,0.8156218251468484,0.22753928806414092,0.7210235417337273,5
motion_blur,ALL,all_macro,0.2592938635578375,0.6069524313063762,0.3476585677485387,0.42720623591497187,5
motion_blur,ALL,hat,0.3915556273767093,0.7125204886571556,0.32096486128044627,0.5495359552602489,5
motion_blur,ALL,person,0.1270320997389657,0.5013843739555969,0.3743522742166312,0.2533627020259227,5
motion_blur,ES,all_macro,0.035220873983358686,0.3141471092881632,0.27892623530480454,0.11211586209775058,5
motion_blur,ES,hat,0.01271493634963575,0.22565674694100948,0.21294181059137374,0.056346360221880054,5
motion_blur,ES,person,0.05772681161708162,0.40263747163531693,0.34491066001823534,0.14337168218006008,5
motion_blur,S,all_macro,0.14755157143389375,0.5541587548627844,0.4066071834288907,0.2662622761782931,5
motion_blur,S,hat,0.16980447870397566,0.5744331893389237,0.4046287106349481,0.29560353032420034,5
motion_blur,S,person,0.12529866416381183,0.5338843203866451,0.40858565622283327,0.23469253427984008,5
motion_blur,M,all_macro,0.31691193025065895,0.6939112923987594,0.3769993621481004,0.45670380886170103,5
motion_blur,L,all_macro,0.5380857216840148,0.8156218251468484,0.27753610346283364,0.6597245256245261,5
zoom_blur,ALL,all_macro,0.10005176156521693,0.6069524313063762,0.5069006697411593,0.16484283842453712,5
zoom_blur,ALL,hat,0.1471971928388614,0.7125204886571556,0.5653232958182941,0.2065866107461346,5
zoom_blur,ALL,person,0.05290633029157247,0.5013843739555969,0.4484780436640244,0.10552050091664386,5
zoom_blur,ES,all_macro,0.01139104288316578,0.3141471092881632,0.3027560664049974,0.03626021868855371,5
zoom_blur,ES,hat,0.0013532701065925635,0.22565674694100948,0.22430347683441693,0.005997029226634785,5
zoom_blur,ES,person,0.021428815659739,0.40263747163531693,0.38120865597557796,0.053221116188479946,5
zoom_blur,S,all_macro,0.039544903035551845,0.5541587548627844,0.5146138518272326,0.07136024232865108,5
zoom_blur,S,hat,0.03721404156374667,0.5744331893389237,0.5372191477751771,0.06478393354425394,5
zoom_blur,S,person,0.04187576450735701,0.5338843203866451,0.4920085558792881,0.07843602613583052,5
zoom_blur,M,all_macro,0.10053945081615576,0.6939112923987594,0.5933718415826036,0.1448880453704741,5
zoom_blur,L,all_macro,0.23335363001607848,0.8156218251468484,0.58226819513077,0.2861051811286001,5
snow,ALL,all_macro,0.20611377887805307,0.6069524313063762,0.40083865242832317,0.33958802740838084,5
snow,ALL,hat,0.3136041118506722,0.7125204886571556,0.39891637680648334,0.44013346541332865,5
snow,ALL,person,0.0986234459054339,0.5013843739555969,0.40276092805016295,0.1967022728039149,5
snow,ES,all_macro,0.03345324545918509,0.3141471092881632,0.2806938638289781,0.10648910803281927,5
snow,ES,hat,0.02139973613139651,0.22565674694100948,0.20425701080961298,0.09483313227497145,5
snow,ES,person,0.045506754786973684,0.40263747163531693,0.35713071684834324,0.11302165842177443,5
snow,S,all_macro,0.14405541962544102,0.5541587548627844,0.41010333523734344,0.2599533407373681,5
snow,S,hat,0.18712445749864873,0.5744331893389237,0.38730873184027503,0.32575495457356424,5
snow,S,person,0.10098638175223329,0.5338843203866451,0.43289793863441184,0.1891540505986349,5
snow,M,all_macro,0.3029792368871459,0.6939112923987594,0.3909320555116135,0.4366253153768212,5
snow,L,all_macro,0.4085751784736689,0.8156218251468484,0.4070466466731795,0.5009370346362508,5
frost,ALL,all_macro,0.25323073487711933,0.6069524313063762,0.3537216964292569,0.41721677320260053,5
frost,ALL,hat,0.387473804982522,0.7125204886571556,0.3250466836746336,0.5438072464593552,5
frost,ALL,person,0.11898766477171674,0.5013843739555969,0.38239670918388013,0.23731825512028107,5
frost,ES,all_macro,0.04560431546746715,0.3141471092881632,0.26854279382069607,0.14516866181198848,5
frost,ES,hat,0.0321877255707093,0.22565674694100948,0.1934690213703002,0.14264020910982875,5
frost,ES,person,0.05902090536422498,0.40263747163531693,0.34361656627109194,0.1465857241863527,5
frost,S,all_macro,0.18703479190410016,0.5541587548627844,0.36712396295868427,0.337511210032966,5
frost,S,hat,0.2559021950539579,0.5744331893389237,0.31853099428496584,0.44548643741922084,5
frost,S,person,0.11816738875424244,0.5338843203866451,0.4157169316324027,0.22133519236651167,5
frost,M,all_macro,0.3636936694595124,0.6939112923987594,0.33021762293924695,0.5241212723347844,5
frost,L,all_macro,0.5178206879177788,0.8156218251468484,0.29780113722906965,0.6348784104993118,5
fog,ALL,all_macro,0.41758631159036835,0.6069524313063762,0.18936611971600786,0.6880050067376368,5
fog,ALL,hat,0.5910901597830593,0.7125204886571556,0.12143032887409622,0.8295763689505286,5
fog,ALL,person,0.2440824633976774,0.5013843739555969,0.2573019105579195,0.48681705309646045,5
fog,ES,all_macro,0.08688890464210004,0.3141471092881632,0.22725820464606317,0.27658667571057594,5
fog,ES,hat,0.04750147963034843,0.22565674694100948,0.17815526731066106,0.21050325449726584,5
fog,ES,person,0.12627632965385166,0.40263747163531693,0.2763611419814653,0.31362289540757055,5
fog,S,all_macro,0.3155340847325621,0.5541587548627844,0.23862467013022232,0.5693929437435157,5
fog,S,hat,0.3668510487687725,0.5744331893389237,0.20758214057015123,0.6386313597077434,5
fog,S,person,0.26421712069635184,0.5338843203866451,0.2696671996902933,0.49489582407103244,5
fog,M,all_macro,0.5700023286826265,0.6939112923987594,0.12390896371613291,0.8214340001763106,5
fog,L,all_macro,0.7243936457911295,0.8156218251468484,0.09122817935571892,0.8881489232595097,5
brightness,ALL,all_macro,0.38971439715455125,0.6069524313063762,0.21723803415182497,0.6420839213309486,5
brightness,ALL,hat,0.5614328688877109,0.7125204886571556,0.15108761976944463,0.7879532979406805,5
brightness,ALL,person,0.21799592542139146,0.5013843739555969,0.2833884485342054,0.4347880323863013,5
brightness,ES,all_macro,0.07432148824436957,0.3141471092881632,0.23982562104379362,0.23658179893100784,5
brightness,ES,hat,0.04016587647319181,0.22565674694100948,0.18549087046781768,0.1779954599970009,5
brightness,ES,person,0.10847710001554736,0.40263747163531693,0.2941603716197696,0.2694163053800391,5
brightness,S,all_macro,0.28565932670205085,0.5541587548627844,0.2684994281607336,0.5154828362727629,5
brightness,S,hat,0.32622150794252275,0.5744331893389237,0.24821168139640098,0.5679015662690886,5
brightness,S,person,0.2450971454615789,0.5338843203866451,0.2887871749250662,0.45908286889578764,5
brightness,M,all_macro,0.5339215178997413,0.6939112923987594,0.15998977449901808,0.7694377130743115,5
brightness,L,all_macro,0.7107438475469834,0.8156218251468484,0.10487797759986506,0.8714134732956879,5
contrast,ALL,all_macro,0.3038411319976229,0.6069524313063762,0.3031112993087533,0.5006012272554035,5
contrast,ALL,hat,0.41457437669173175,0.7125204886571556,0.2979461119654238,0.5818420428485573,5
contrast,ALL,person,0.193107887303514,0.5013843739555969,0.30827648665208285,0.3851493930295798,5
contrast,ES,all_macro,0.05575074495657299,0.3141471092881632,0.2583963643315902,0.17746699972156527,5
contrast,ES,hat,0.02076847976151709,0.22565674694100948,0.2048882671794924,0.09203571372473221,5
contrast,ES,person,0.0907330101516289,0.40263747163531693,0.311904461483688,0.22534666180749569,5
contrast,S,all_macro,0.22815083659714577,0.5541587548627844,0.3260079182656387,0.4117066356799476,5
contrast,S,hat,0.23968807057338876,0.5744331893389237,0.334745118765535,0.41726013576832066,5
contrast,S,person,0.21661360262090276,0.5338843203866451,0.31727071776574234,0.4057313435690127,5
contrast,M,all_macro,0.4193489305064918,0.6939112923987594,0.27456236189226757,0.6043264248616824,5
contrast,L,all_macro,0.5150397275335498,0.8156218251468484,0.3005820976132987,0.6314687906258756,5
elastic_transform,ALL,all_macro,0.3837292674614461,0.6069524313063762,0.22322316384493013,0.6322229678453137,5
elastic_transform,ALL,hat,0.5360818890719293,0.7125204886571556,0.17643859958522623,0.7523739985109068,5
elastic_transform,ALL,person,0.23137664585096288,0.5013843739555969,0.270007728104634,0.46147558214778717,5
elastic_transform,ES,all_macro,0.08092721819342223,0.3141471092881632,0.23321989109474095,0.25760930405120713,5
elastic_transform,ES,hat,0.03724685547107767,0.22565674694100948,0.1884098914699318,0.1650597909257933,5
elastic_transform,ES,person,0.12460758091576682,0.40263747163531693,0.2780298907195501,0.3094783513558031,5
elastic_transform,S,all_macro,0.2740420405983851,0.5541587548627844,0.2801167142643993,0.49451901317744373,5
elastic_transform,S,hat,0.30436588561600153,0.5744331893389237,0.2700673037229222,0.5298542829084713,5
elastic_transform,S,person,0.2437181955807687,0.5338843203866451,0.29016612480587645,0.4565000062265646,5
elastic_transform,M,all_macro,0.5057440478492745,0.6939112923987594,0.18816724454948486,0.7288309808318357,5
elastic_transform,L,all_macro,0.700871080906813,0.8156218251468484,0.1147507442400354,0.859308884703551,5
pixelate,ALL,all_macro,0.34583862233997975,0.6069524313063762,0.26111380896639647,0.5697952664850733,5
pixelate,ALL,hat,0.4863757496447512,0.7125204886571556,0.22614473901240434,0.6826130018540159,5
pixelate,ALL,person,0.2053014950352084,0.5013843739555969,0.2960828789203885,0.40946927287644214,5
pixelate,ES,all_macro,0.08564053505727416,0.3141471092881632,0.22850657423088905,0.27261283814239134,5
pixelate,ES,hat,0.04145925135579855,0.22565674694100948,0.18419749558521092,0.18372706297426467,5
pixelate,ES,person,0.12982181875874976,0.40263747163531693,0.27281565287656717,0.3224285564666321,5
pixelate,S,all_macro,0.25414310584108624,0.5541587548627844,0.3000156490216982,0.458610648322275,5
pixelate,S,hat,0.30441414072065004,0.5744331893389237,0.2700190486182737,0.5299382876379056,5
pixelate,S,person,0.2038720709615225,0.5338843203866451,0.33001224942512264,0.3818656273963543,5
pixelate,M,all_macro,0.4490728687008789,0.6939112923987594,0.24483842369788045,0.6471617822337111,5
pixelate,L,all_macro,0.6487982798418165,0.8156218251468484,0.16682354530503196,0.7954645889043047,5
jpeg_compression,ALL,all_macro,0.3945228506892682,0.6069524313063762,0.21242958061710804,0.6500062119202908,5
jpeg_compression,ALL,hat,0.5315549629049954,0.7125204886571556,0.18096552575216018,0.7460206006241098,5
jpeg_compression,ALL,person,0.25749073847354104,0.5013843739555969,0.24389363548205584,0.5135595599880914,5
jpeg_compression,ES,all_macro,0.12262004383275786,0.3141471092881632,0.19152706545540532,0.39032682525905416,5
jpeg_compression,ES,hat,0.058657218765567135,0.22565674694100948,0.16699952817544234,0.25994001757413054,5
jpeg_compression,ES,person,0.18658286889994855,0.40263747163531693,0.2160546027353684,0.4634016504776368,5
jpeg_compression,S,all_macro,0.29704212399160357,0.5541587548627844,0.25711663087118086,0.5360235156172067,5
jpeg_compression,S,hat,0.3386078490372536,0.5744331893389237,0.23582534030167013,0.5894642846576021,5
jpeg_compression,S,person,0.2554763989459536,0.5338843203866451,0.27840792144069154,0.478523884651519,5
jpeg_compression,M,all_macro,0.5018922848315122,0.6939112923987594,0.1920190075672472,0.7232801805206788,5
jpeg_compression,L,all_macro,0.6688714180609636,0.8156218251468484,0.14675040708588483,0.8200754288797223,5
