model,seed,checkpoint_sha256,status
A0,0,9173932805b7589a337ed7838e1abf52ec949e893f11ac1a9d1bc22122b8b5d2,verified_from_public_provenance
A0,42,78e40899729e26344189012766f7a45d8ee51acc194771061d02d889d29f167f,verified_from_public_provenance
A0,3407,5b94154ff13fb954f3dc5b0efe0dfa23ccdb6dddd7cebf35ba25524540239659,verified_from_public_provenance
A1,0,2bfa235d3e7675d6f24626d9f5c3101a6ebe89c32e2cd8fefd6613f396e69fe7,verified_from_public_provenance
A1,42,80a9756e71db85f83fe297d277ea29df238ba333a8d1e57fe01015e4c0a94e20,verified_from_public_provenance
A1,3407,89cbb7f71de20f0ad324942a8c29c851db48e47b419e999d9a16c0affc8377fa,verified_from_public_provenance
A1-WH,0,9d8cf15599742da4aa5cba8027c18aa1cfd4e583b74b64e0e0cf04724a900859,verified_from_formal_run_record
A1-WH,42,b3ca05e480b7db89f1e494eb124ef12ed5b32e1bae0ed4a3e24073fb8e755342,verified_from_formal_run_record
A1-WH,3407,ccd4433803d13e108d3261e1954e653412ebca58bfb2ec2e9f1b067e5a1a3366,verified_from_formal_run_record
A1-R10,0,94485e0d437226f538b4590576f0b4ac9fc3fd10ba1b82335d9c1db740cabe9c,verified_from_formal_run_record
A1-R10,42,d33231fc7f573e81b4b87698529f9b516950d746608dcaf949aa32a037e6c2a6,verified_from_original_autodl_workspace
A1-R10,3407,41461e219b41f5e6a97c15d96e02930ac3646c7b93e363b200abdd1ab322a850,verified_from_original_autodl_workspace
